Common Name,Scientific Name
"Black-bellied Whistling-Duck","Dendrocygna autumnalis"
"Fulvous Whistling-Duck","Dendrocygna bicolor"
"Bar-headed Goose","Anser indicus"
"Emperor Goose","Anser canagicus"
"Snow Goose","Anser caerulescens"
"Ross's Goose","Anser rossii"
"Graylag Goose","Anser anser"
"Swan Goose","Anser cygnoides"
"Greater White-fronted Goose","Anser albifrons"
"Taiga Bean-Goose","Anser fabalis"
"Tundra Bean-Goose","Anser serrirostris"
"Pink-footed Goose","Anser brachyrhynchus"
"Brant","Branta bernicla"
"Barnacle Goose","Branta leucopsis"
"Cackling Goose","Branta hutchinsii"
"Canada Goose","Branta canadensis"
"Mute Swan","Cygnus olor"
"Black Swan","Cygnus atratus"
"Trumpeter Swan","Cygnus buccinator"
"Tundra Swan","Cygnus columbianus"
"Whooper Swan","Cygnus cygnus"
"Egyptian Goose","Alopochen aegyptiaca"
"Ruddy Shelduck","Tadorna ferruginea"
"South African Shelduck","Tadorna cana"
"Common Shelduck","Tadorna tadorna"
"Muscovy Duck","Cairina moschata"
"Ringed Teal","Callonetta leucophrys"
"Wood Duck","Aix sponsa"
"Mandarin Duck","Aix galericulata"
"Baikal Teal","Sibirionetta formosa"
"Garganey","Spatula querquedula"
"Blue-winged Teal","Spatula discors"
"Cinnamon Teal","Spatula cyanoptera"
"Northern Shoveler","Spatula clypeata"
"Gadwall","Mareca strepera"
"Falcated Duck","Mareca falcata"
"Eurasian Wigeon","Mareca penelope"
"American Wigeon","Mareca americana"
"Chiloe Wigeon","Mareca sibilatrix"
"Mallard","Anas platyrhynchos"
"American Black Duck","Anas rubripes"
"Mottled Duck","Anas fulvigula"
"White-cheeked Pintail","Anas bahamensis"
"Northern Pintail","Anas acuta"
"Green-winged Teal","Anas crecca"
"Chestnut Teal","Anas castanea"
"Marbled Duck","Marmaronetta angustirostris"
"Red-crested Pochard","Netta rufina"
"Canvasback","Aythya valisineria"
"Redhead","Aythya americana"
"Common Pochard","Aythya ferina"
"Ring-necked Duck","Aythya collaris"
"Tufted Duck","Aythya fuligula"
"Greater Scaup","Aythya marila"
"Lesser Scaup","Aythya affinis"
"Steller's Eider","Polysticta stelleri"
"King Eider","Somateria spectabilis"
"Common Eider","Somateria mollissima"
"Harlequin Duck","Histrionicus histrionicus"
"Surf Scoter","Melanitta perspicillata"
"White-winged Scoter","Melanitta deglandi"
"Common Scoter","Melanitta nigra"
"Black Scoter","Melanitta americana"
"Long-tailed Duck","Clangula hyemalis"
"Bufflehead","Bucephala albeola"
"Common Goldeneye","Bucephala clangula"
"Barrow's Goldeneye","Bucephala islandica"
"Smew","Mergellus albellus"
"Hooded Merganser","Lophodytes cucullatus"
"Common Merganser","Mergus merganser"
"Red-breasted Merganser","Mergus serrator"
"Ruddy Duck","Oxyura jamaicensis"
"Helmeted Guineafowl","Numida meleagris"
"Northern Bobwhite","Colinus virginianus"
"California Quail","Callipepla californica"
"Wild Turkey","Meleagris gallopavo"
"Ruffed Grouse","Bonasa umbellus"
"Dusky Grouse","Dendragapus obscurus"
"Sooty Grouse","Dendragapus fuliginosus"
"Sharp-tailed Grouse","Tympanuchus phasianellus"
"White-tailed Ptarmigan","Lagopus leucura"
"Willow Ptarmigan","Lagopus lagopus"
"Rock Ptarmigan","Lagopus muta"
"Spruce Grouse","Canachites canadensis"
"Gray Partridge","Perdix perdix"
"Golden Pheasant","Chrysolophus pictus"
"Lady Amherst's Pheasant","Chrysolophus amherstiae"
"Ring-necked Pheasant","Phasianus colchicus"
"Silver Pheasant","Lophura nycthemera"
"Indian Peafowl","Pavo cristatus"
"Green Peafowl","Pavo muticus"
"Red Junglefowl","Gallus gallus"
"Common Quail","Coturnix coturnix"
"Japanese Quail","Coturnix japonica"
"Red-legged Partridge","Alectoris rufa"
"Chukar","Alectoris chukar"
"Rock Pigeon","Columba livia"
"Band-tailed Pigeon","Patagioenas fasciata"
"Oriental Turtle-Dove","Streptopelia orientalis"
"Eurasian Collared-Dove","Streptopelia decaocto"
"African Collared-Dove","Streptopelia roseogrisea"
"Crested Pigeon","Ocyphaps lophotes"
"Common Ground Dove","Columbina passerina"
"White-winged Dove","Zenaida asiatica"
"Mourning Dove","Zenaida macroura"
"Groove-billed Ani","Crotophaga sulcirostris"
"Yellow-billed Cuckoo","Coccyzus americanus"
"Black-billed Cuckoo","Coccyzus erythropthalmus"
"Lesser Nighthawk","Chordeiles acutipennis"
"Common Nighthawk","Chordeiles minor"
"Common Poorwill","Phalaenoptilus nuttallii"
"Chuck-will's-widow","Antrostomus carolinensis"
"Eastern Whip-poor-will","Antrostomus vociferus"
"Black Swift","Cypseloides niger"
"Chimney Swift","Chaetura pelagica"
"Vaux's Swift","Chaetura vauxi"
"Common Swift","Apus apus"
"White-throated Swift","Aeronautes saxatalis"
"Amethyst-throated Mountain-gem","Lampornis amethystinus"
"Ruby-throated Hummingbird","Archilochus colubris"
"Black-chinned Hummingbird","Archilochus alexandri"
"Anna's Hummingbird","Calypte anna"
"Costa's Hummingbird","Calypte costae"
"Calliope Hummingbird","Selasphorus calliope"
"Rufous Hummingbird","Selasphorus rufus"
"Broad-billed Hummingbird","Cynanthus latirostris"
"Xantus's Hummingbird","Basilinna xantusii"
"King Rail","Rallus elegans"
"Clapper Rail","Rallus crepitans"
"Virginia Rail","Rallus limicola"
"Sora","Porzana carolina"
"Common Gallinule","Gallinula galeata"
"American Coot","Fulica americana"
"Purple Gallinule","Porphyrio martinica"
"Yellow Rail","Coturnicops noveboracensis"
"Limpkin","Aramus guarauna"
"Sandhill Crane","Antigone canadensis"
"Whooping Crane","Grus americana"
"Common Crane","Grus grus"
"Black-necked Stilt","Himantopus mexicanus"
"American Avocet","Recurvirostra americana"
"Eurasian Oystercatcher","Haematopus ostralegus"
"American Oystercatcher","Haematopus palliatus"
"Black Oystercatcher","Haematopus bachmani"
"Black-bellied Plover","Pluvialis squatarola"
"European Golden-Plover","Pluvialis apricaria"
"American Golden-Plover","Pluvialis dominica"
"Pacific Golden-Plover","Pluvialis fulva"
"Killdeer","Charadrius vociferus"
"Common Ringed Plover","Charadrius hiaticula"
"Semipalmated Plover","Charadrius semipalmatus"
"Piping Plover","Charadrius melodus"
"Northern Lapwing","Vanellus vanellus"
"Siberian Sand-Plover","Anarhynchus mongolus"
"Greater Sand-Plover","Anarhynchus leschenaultii"
"Wilson's Plover","Anarhynchus wilsonia"
"Mountain Plover","Anarhynchus montanus"
"Snowy Plover","Anarhynchus nivosus"
"Upland Sandpiper","Bartramia longicauda"
"Hudsonian Whimbrel","Numenius hudsonicus"
"Eurasian Whimbrel","Numenius phaeopus"
"Long-billed Curlew","Numenius americanus"
"Far Eastern Curlew","Numenius madagascariensis"
"Eurasian Curlew","Numenius arquata"
"Bar-tailed Godwit","Limosa lapponica"
"Black-tailed Godwit","Limosa limosa"
"Hudsonian Godwit","Limosa haemastica"
"Marbled Godwit","Limosa fedoa"
"Short-billed Dowitcher","Limnodromus griseus"
"Long-billed Dowitcher","Limnodromus scolopaceus"
"American Woodcock","Scolopax minor"
"Common Snipe","Gallinago gallinago"
"Wilson's Snipe","Gallinago delicata"
"Wilson's Phalarope","Phalaropus tricolor"
"Red Phalarope","Phalaropus fulicarius"
"Red-necked Phalarope","Phalaropus lobatus"
"Spotted Sandpiper","Actitis macularius"
"Solitary Sandpiper","Tringa solitaria"
"Gray-tailed Tattler","Tringa brevipes"
"Wandering Tattler","Tringa incana"
"Marsh Sandpiper","Tringa stagnatilis"
"Wood Sandpiper","Tringa glareola"
"Common Redshank","Tringa totanus"
"Lesser Yellowlegs","Tringa flavipes"
"Willet","Tringa semipalmata"
"Spotted Redshank","Tringa erythropus"
"Common Greenshank","Tringa nebularia"
"Greater Yellowlegs","Tringa melanoleuca"
"Ruddy Turnstone","Arenaria interpres"
"Black Turnstone","Arenaria melanocephala"
"Red Knot","Calidris canutus"
"Surfbird","Calidris virgata"
"Ruff","Calidris pugnax"
"Sharp-tailed Sandpiper","Calidris acuminata"
"Curlew Sandpiper","Calidris ferruginea"
"Stilt Sandpiper","Calidris himantopus"
"Temminck's Stint","Calidris temminckii"
"Red-necked Stint","Calidris ruficollis"
"Spoon-billed Sandpiper","Calidris pygmaea"
"Buff-breasted Sandpiper","Calidris subruficollis"
"Sanderling","Calidris alba"
"Dunlin","Calidris alpina"
"Purple Sandpiper","Calidris maritima"
"Rock Sandpiper","Calidris ptilocnemis"
"Baird's Sandpiper","Calidris bairdii"
"Little Stint","Calidris minuta"
"White-rumped Sandpiper","Calidris fuscicollis"
"Least Sandpiper","Calidris minutilla"
"Pectoral Sandpiper","Calidris melanotos"
"Western Sandpiper","Calidris mauri"
"Semipalmated Sandpiper","Calidris pusilla"
"Long-tailed Jaeger","Stercorarius longicaudus"
"Parasitic Jaeger","Stercorarius parasiticus"
"Pomarine Jaeger","Stercorarius pomarinus"
"Great Skua","Stercorarius skua"
"South Polar Skua","Stercorarius maccormicki"
"Rhinoceros Auklet","Cerorhinca monocerata"
"Tufted Puffin","Fratercula cirrhata"
"Atlantic Puffin","Fratercula arctica"
"Horned Puffin","Fratercula corniculata"
"Cassin's Auklet","Ptychoramphus aleuticus"
"Crested Auklet","Aethia cristatella"
"Parakeet Auklet","Aethia psittacula"
"Long-billed Murrelet","Brachyramphus perdix"
"Marbled Murrelet","Brachyramphus marmoratus"
"Black Guillemot","Cepphus grylle"
"Pigeon Guillemot","Cepphus columba"
"Razorbill","Alca torda"
"Dovekie","Alle alle"
"Thick-billed Murre","Uria lomvia"
"Common Murre","Uria aalge"
"Ancient Murrelet","Synthliboramphus antiquus"
"Little Gull","Hydrocoloeus minutus"
"Ross's Gull","Rhodostethia rosea"
"Black-legged Kittiwake","Rissa tridactyla"
"Red-legged Kittiwake","Rissa brevirostris"
"Ivory Gull","Pagophila eburnea"
"Sabine's Gull","Xema sabini"
"Bonaparte's Gull","Chroicocephalus philadelphia"
"Black-headed Gull","Chroicocephalus ridibundus"
"Laughing Gull","Leucophaeus atricilla"
"Franklin's Gull","Leucophaeus pipixcan"
"Black-tailed Gull","Larus crassirostris"
"Heermann's Gull","Larus heermanni"
"Common Gull","Larus canus"
"Short-billed Gull","Larus brachyrhynchus"
"Ring-billed Gull","Larus delawarensis"
"Western Gull","Larus occidentalis"
"Kelp Gull","Larus dominicanus"
"American Herring Gull","Larus smithsonianus"
"Vega Gull","Larus vegae"
"European Herring Gull","Larus argentatus"
"Yellow-legged Gull","Larus michahellis"
"Great Black-backed Gull","Larus marinus"
"Glaucous Gull","Larus hyperboreus"
"Lesser Black-backed Gull","Larus fuscus"
"California Gull","Larus californicus"
"Glaucous-winged Gull","Larus glaucescens"
"Slaty-backed Gull","Larus schistisagus"
"Iceland Gull","Larus glaucoides"
"Black Skimmer","Rynchops niger"
"Sooty Tern","Onychoprion fuscatus"
"Bridled Tern","Onychoprion anaethetus"
"Least Tern","Sternula antillarum"
"Gull-billed Tern","Gelochelidon nilotica"
"Caspian Tern","Hydroprogne caspia"
"Black Tern","Chlidonias niger"
"White-winged Tern","Chlidonias leucopterus"
"Forster's Tern","Sterna forsteri"
"Arctic Tern","Sterna paradisaea"
"Common Tern","Sterna hirundo"
"Roseate Tern","Sterna dougallii"
"Sandwich Tern","Thalasseus sandvicensis"
"Elegant Tern","Thalasseus elegans"
"Royal Tern","Thalasseus maximus"
"Chilean Flamingo","Phoenicopterus chilensis"
"American Flamingo","Phoenicopterus ruber"
"Pied-billed Grebe","Podilymbus podiceps"
"Horned Grebe","Podiceps auritus"
"Red-necked Grebe","Podiceps grisegena"
"Eared Grebe","Podiceps nigricollis"
"Western Grebe","Aechmophorus occidentalis"
"Clark's Grebe","Aechmophorus clarkii"
"Red-throated Loon","Gavia stellata"
"Arctic Loon","Gavia arctica"
"Pacific Loon","Gavia pacifica"
"Common Loon","Gavia immer"
"Yellow-billed Loon","Gavia adamsii"
"Laysan Albatross","Phoebastria immutabilis"
"Black-footed Albatross","Phoebastria nigripes"
"Short-tailed Albatross","Phoebastria albatrus"
"Black-browed Albatross","Thalassarche melanophris"
"Wilson's Storm-Petrel","Oceanites oceanicus"
"White-faced Storm-Petrel","Pelagodroma marina"
"European Storm-Petrel","Hydrobates pelagicus"
"Fork-tailed Storm-Petrel","Hydrobates furcatus"
"Leach's Storm-Petrel","Hydrobates leucorhous"
"Northern Fulmar","Fulmarus glacialis"
"Trindade Petrel","Pterodroma arminjoniana"
"Black-capped Petrel","Pterodroma hasitata"
"Cory's Shearwater","Calonectris borealis"
"Scopoli's Shearwater","Calonectris diomedea"
"Pink-footed Shearwater","Ardenna creatopus"
"Flesh-footed Shearwater","Ardenna carneipes"
"Great Shearwater","Ardenna gravis"
"Buller's Shearwater","Ardenna bulleri"
"Sooty Shearwater","Ardenna grisea"
"Short-tailed Shearwater","Ardenna tenuirostris"
"Manx Shearwater","Puffinus puffinus"
"Sargasso Shearwater","Puffinus lherminieri"
"Wood Stork","Mycteria americana"
"Magnificent Frigatebird","Fregata magnificens"
"Northern Gannet","Morus bassanus"
"Brown Booby","Sula leucogaster"
"Cocos Booby","Sula brewsteri"
"Blue-footed Booby","Sula nebouxii"
"Anhinga","Anhinga anhinga"
"Brandt's Cormorant","Urile penicillatus"
"Pelagic Cormorant","Urile pelagicus"
"Great Cormorant","Phalacrocorax carbo"
"Double-crested Cormorant","Nannopterum auritum"
"Neotropic Cormorant","Nannopterum brasilianum"
"White Ibis","Eudocimus albus"
"Glossy Ibis","Plegadis falcinellus"
"White-faced Ibis","Plegadis chihi"
"Roseate Spoonbill","Platalea ajaja"
"American Bittern","Botaurus lentiginosus"
"Least Bittern","Botaurus exilis"
"Yellow-crowned Night Heron","Nyctanassa violacea"
"Black-crowned Night Heron","Nycticorax nycticorax"
"Little Blue Heron","Egretta caerulea"
"Tricolored Heron","Egretta tricolor"
"Reddish Egret","Egretta rufescens"
"Snowy Egret","Egretta thula"
"Little Egret","Egretta garzetta"
"Western Reef-Heron","Egretta gularis"
"Green Heron","Butorides virescens"
"Western Cattle-Egret","Ardea ibis"
"Great Egret","Ardea alba"
"Gray Heron","Ardea cinerea"
"Great Blue Heron","Ardea herodias"
"American White Pelican","Pelecanus erythrorhynchos"
"Brown Pelican","Pelecanus occidentalis"
"Black Vulture","Coragyps atratus"
"Turkey Vulture","Cathartes aura"
"Osprey","Pandion haliaetus"
"White-tailed Kite","Elanus leucurus"
"Swallow-tailed Kite","Elanoides forficatus"
"Golden Eagle","Aquila chrysaetos"
"Sharp-shinned Hawk","Accipiter striatus"
"Cooper's Hawk","Astur cooperii"
"American Goshawk","Astur atricapillus"
"Northern Harrier","Circus hudsonius"
"Bald Eagle","Haliaeetus leucocephalus"
"Steller's Sea-Eagle","Haliaeetus pelagicus"
"Mississippi Kite","Ictinia mississippiensis"
"Harris's Hawk","Parabuteo unicinctus"
"Broad-winged Hawk","Buteo platypterus"
"Red-shouldered Hawk","Buteo lineatus"
"Swainson's Hawk","Buteo swainsoni"
"Red-tailed Hawk","Buteo jamaicensis"
"Rough-legged Hawk","Buteo lagopus"
"Ferruginous Hawk","Buteo regalis"
"American Barn Owl","Tyto furcata"
"Flammulated Owl","Psiloscops flammeolus"
"Western Screech-Owl","Megascops kennicottii"
"Eastern Screech-Owl","Megascops asio"
"Snowy Owl","Bubo scandiacus"
"Great Horned Owl","Bubo virginianus"
"Northern Pygmy-Owl","Glaucidium gnoma"
"Burrowing Owl","Athene cunicularia"
"Barred Owl","Strix varia"
"Great Gray Owl","Strix nebulosa"
"Long-eared Owl","Asio otus"
"Short-eared Owl","Asio flammeus"
"Boreal Owl","Aegolius funereus"
"Northern Saw-whet Owl","Aegolius acadicus"
"Northern Carmine Bee-eater","Merops nubicus"
"Belted Kingfisher","Megaceryle alcyon"
"Williamson's Sapsucker","Sphyrapicus thyroideus"
"Yellow-bellied Sapsucker","Sphyrapicus varius"
"Red-naped Sapsucker","Sphyrapicus nuchalis"
"Red-breasted Sapsucker","Sphyrapicus ruber"
"Lewis's Woodpecker","Melanerpes lewis"
"Red-headed Woodpecker","Melanerpes erythrocephalus"
"Acorn Woodpecker","Melanerpes formicivorus"
"Red-bellied Woodpecker","Melanerpes carolinus"
"American Three-toed Woodpecker","Picoides dorsalis"
"Black-backed Woodpecker","Picoides arcticus"
"Downy Woodpecker","Dryobates pubescens"
"Hairy Woodpecker","Leuconotopicus villosus"
"White-headed Woodpecker","Leuconotopicus albolarvatus"
"Pileated Woodpecker","Dryocopus pileatus"
"Northern Flicker","Colaptes auratus"
"Crested Caracara","Caracara plancus"
"Eurasian Kestrel","Falco tinnunculus"
"American Kestrel","Falco sparverius"
"Merlin","Falco columbarius"
"Peregrine Falcon","Falco peregrinus"
"Prairie Falcon","Falco mexicanus"
"Cockatiel","Nymphicus hollandicus"
"Little Corella","Cacatua sanguinea"
"Red-rumped Parrot","Psephotus haematonotus"
"Budgerigar","Melopsittacus undulatus"
"Rosy-faced Lovebird","Agapornis roseicollis"
"Red-bellied Parrot","Poicephalus rufiventris"
"Monk Parakeet","Myiopsitta monachus"
"Scarlet Macaw","Ara macao"
"Mitred Parakeet","Psittacara mitratus"
"Small-billed Elaenia","Elaenia parvirostris"
"Olive-sided Flycatcher","Contopus cooperi"
"Western Wood-Pewee","Contopus sordidulus"
"Eastern Wood-Pewee","Contopus virens"
"Yellow-bellied Flycatcher","Empidonax flaviventris"
"Acadian Flycatcher","Empidonax virescens"
"Alder Flycatcher","Empidonax alnorum"
"Willow Flycatcher","Empidonax traillii"
"Least Flycatcher","Empidonax minimus"
"Hammond's Flycatcher","Empidonax hammondii"
"Gray Flycatcher","Empidonax wrightii"
"Dusky Flycatcher","Empidonax oberholseri"
"Western Flycatcher","Empidonax difficilis"
"Black Phoebe","Sayornis nigricans"
"Eastern Phoebe","Sayornis phoebe"
"Say's Phoebe","Sayornis saya"
"Vermilion Flycatcher","Pyrocephalus rubinus"
"Ash-throated Flycatcher","Myiarchus cinerascens"
"Great Crested Flycatcher","Myiarchus crinitus"
"Great Kiskadee","Pitangus sulphuratus"
"Sulphur-bellied Flycatcher","Myiodynastes luteiventris"
"Variegated Flycatcher","Empidonomus varius"
"Tropical Kingbird","Tyrannus melancholicus"
"Cassin's Kingbird","Tyrannus vociferans"
"Thick-billed Kingbird","Tyrannus crassirostris"
"Western Kingbird","Tyrannus verticalis"
"Eastern Kingbird","Tyrannus tyrannus"
"Gray Kingbird","Tyrannus dominicensis"
"Scissor-tailed Flycatcher","Tyrannus forficatus"
"Fork-tailed Flycatcher","Tyrannus savana"
"Black-capped Vireo","Vireo atricapilla"
"White-eyed Vireo","Vireo griseus"
"Bell's Vireo","Vireo bellii"
"Hutton's Vireo","Vireo huttoni"
"Yellow-throated Vireo","Vireo flavifrons"
"Cassin's Vireo","Vireo cassinii"
"Blue-headed Vireo","Vireo solitarius"
"Plumbeous Vireo","Vireo plumbeus"
"Philadelphia Vireo","Vireo philadelphicus"
"Eastern Warbling Vireo","Vireo gilvus"
"Western Warbling Vireo","Vireo swainsoni"
"Red-eyed Vireo","Vireo olivaceus"
"Red-backed Shrike","Lanius collurio"
"Brown Shrike","Lanius cristatus"
"Loggerhead Shrike","Lanius ludovicianus"
"Northern Shrike","Lanius borealis"
"Canada Jay","Perisoreus canadensis"
"Pinyon Jay","Gymnorhinus cyanocephalus"
"Steller's Jay","Cyanocitta stelleri"
"Blue Jay","Cyanocitta cristata"
"Florida Scrub-Jay","Aphelocoma coerulescens"
"California Scrub-Jay","Aphelocoma californica"
"Black-billed Magpie","Pica hudsonia"
"Clark's Nutcracker","Nucifraga columbiana"
"Eurasian Jackdaw","Coloeus monedula"
"American Crow","Corvus brachyrhynchos"
"Fish Crow","Corvus ossifragus"
"Pied Crow","Corvus albus"
"Common Raven","Corvus corax"
"Carolina Chickadee","Poecile carolinensis"
"Black-capped Chickadee","Poecile atricapillus"
"Mountain Chickadee","Poecile gambeli"
"Chestnut-backed Chickadee","Poecile rufescens"
"Boreal Chickadee","Poecile hudsonicus"
"Tufted Titmouse","Baeolophus bicolor"
"Great Tit","Parus major"
"Eurasian Skylark","Alauda arvensis"
"Horned Lark","Eremophila alpestris"
"Bank Swallow","Riparia riparia"
"Tree Swallow","Tachycineta bicolor"
"Violet-green Swallow","Tachycineta thalassina"
"Purple Martin","Progne subis"
"Northern Rough-winged Swallow","Stelgidopteryx serripennis"
"Barn Swallow","Hirundo rustica"
"Cliff Swallow","Petrochelidon pyrrhonota"
"Cave Swallow","Petrochelidon fulva"
"Collared Finchbill","Spizixos semitorques"
"Yellow-browed Warbler","Phylloscopus inornatus"
"Arctic Warbler","Phylloscopus borealis"
"Bushtit","Psaltriparus minimus"
"Ruby-crowned Kinglet","Corthylio calendula"
"Golden-crowned Kinglet","Regulus satrapa"
"White-breasted Nuthatch","Sitta carolinensis"
"Pygmy Nuthatch","Sitta pygmaea"
"Red-breasted Nuthatch","Sitta canadensis"
"Brown Creeper","Certhia americana"
"Blue-gray Gnatcatcher","Polioptila caerulea"
"Rock Wren","Salpinctes obsoletus"
"Canyon Wren","Catherpes mexicanus"
"Northern House Wren","Troglodytes aedon"
"Pacific Wren","Troglodytes pacificus"
"Winter Wren","Troglodytes hiemalis"
"Sedge Wren","Cistothorus stellaris"
"Marsh Wren","Cistothorus palustris"
"Carolina Wren","Thryothorus ludovicianus"
"Bewick's Wren","Thryomanes bewickii"
"American Dipper","Cinclus mexicanus"
"European Starling","Sturnus vulgaris"
"White-cheeked Starling","Spodiopsar cineraceus"
"Crested Myna","Acridotheres cristatellus"
"Gray Catbird","Dumetella carolinensis"
"Curve-billed Thrasher","Toxostoma curvirostre"
"Brown Thrasher","Toxostoma rufum"
"Sage Thrasher","Oreoscoptes montanus"
"Northern Mockingbird","Mimus polyglottos"
"Eastern Bluebird","Sialia sialis"
"Western Bluebird","Sialia mexicana"
"Mountain Bluebird","Sialia currucoides"
"Townsend's Solitaire","Myadestes townsendi"
"Varied Thrush","Ixoreus naevius"
"Veery","Catharus fuscescens"
"Gray-cheeked Thrush","Catharus minimus"
"Bicknell's Thrush","Catharus bicknelli"
"Swainson's Thrush","Catharus ustulatus"
"Hermit Thrush","Catharus guttatus"
"Wood Thrush","Hylocichla mustelina"
"Mistle Thrush","Turdus viscivorus"
"Redwing","Turdus iliacus"
"Fieldfare","Turdus pilaris"
"Dusky Thrush","Turdus eunomus"
"American Robin","Turdus migratorius"
"Bluethroat","Luscinia svecica"
"Red-flanked Bluetail","Tarsiger cyanurus"
"Taiga Flycatcher","Ficedula albicilla"
"Northern Wheatear","Oenanthe oenanthe"
"Bohemian Waxwing","Bombycilla garrulus"
"Cedar Waxwing","Bombycilla cedrorum"
"Phainopepla","Phainopepla nitens"
"Zebra Finch","Taeniopygia guttata"
"White-rumped Munia","Lonchura striata"
"Red-cheeked Cordonbleu","Uraeginthus bengalus"
"Siberian Accentor","Prunella montanella"
"House Sparrow","Passer domesticus"
"Eurasian Tree Sparrow","Passer montanus"
"Eastern Yellow Wagtail","Motacilla tschutschensis"
"Citrine Wagtail","Motacilla citreola"
"White Wagtail","Motacilla alba"
"Olive-backed Pipit","Anthus hodgsoni"
"Red-throated Pipit","Anthus cervinus"
"Siberian Pipit","Anthus japonicus"
"American Pipit","Anthus rubescens"
"Sprague's Pipit","Anthus spragueii"
"Common Chaffinch","Fringilla coelebs"
"Brambling","Fringilla montifringilla"
"Evening Grosbeak","Hesperiphona vespertina"
"Hawfinch","Coccothraustes coccothraustes"
"Pine Grosbeak","Pinicola enucleator"
"Eurasian Bullfinch","Pyrrhula pyrrhula"
"Gray-crowned Rosy-Finch","Leucosticte tephrocotis"
"House Finch","Haemorhous mexicanus"
"Purple Finch","Haemorhous purpureus"
"Cassin's Finch","Haemorhous cassinii"
"European Greenfinch","Chloris chloris"
"Oriental Greenfinch","Chloris sinica"
"Yellow-fronted Canary","Crithagra mozambica"
"Redpoll","Acanthis flammea"
"Red Crossbill","Loxia curvirostra"
"White-winged Crossbill","Loxia leucoptera"
"European Goldfinch","Carduelis carduelis"
"Eurasian Siskin","Spinus spinus"
"Pine Siskin","Spinus pinus"
"Lesser Goldfinch","Spinus psaltria"
"American Goldfinch","Spinus tristis"
"Lapland Longspur","Calcarius lapponicus"
"Chestnut-collared Longspur","Calcarius ornatus"
"Smith's Longspur","Calcarius pictus"
"Thick-billed Longspur","Rhynchophanes mccownii"
"Snow Bunting","Plectrophenax nivalis"
"McKay's Bunting","Plectrophenax hyperboreus"
"Pine Bunting","Emberiza leucocephalos"
"Pallas's Bunting","Emberiza pallasi"
"Yellow-breasted Bunting","Emberiza aureola"
"Little Bunting","Emberiza pusilla"
"Rustic Bunting","Emberiza rustica"
"Cassin's Sparrow","Peucaea cassinii"
"Grasshopper Sparrow","Ammodramus savannarum"
"Chipping Sparrow","Spizella passerina"
"Clay-colored Sparrow","Spizella pallida"
"Field Sparrow","Spizella pusilla"
"Brewer's Sparrow","Spizella breweri"
"Black-throated Sparrow","Amphispiza bilineata"
"Lark Sparrow","Chondestes grammacus"
"Lark Bunting","Calamospiza melanocorys"
"American Tree Sparrow","Spizelloides arborea"
"Fox Sparrow","Passerella iliaca"
"Dark-eyed Junco","Junco hyemalis"
"White-crowned Sparrow","Zonotrichia leucophrys"
"Golden-crowned Sparrow","Zonotrichia atricapilla"
"Harris's Sparrow","Zonotrichia querula"
"White-throated Sparrow","Zonotrichia albicollis"
"Sagebrush Sparrow","Artemisiospiza nevadensis"
"Vesper Sparrow","Pooecetes gramineus"
"LeConte's Sparrow","Ammospiza leconteii"
"Seaside Sparrow","Ammospiza maritima"
"Nelson's Sparrow","Ammospiza nelsoni"
"Savannah Sparrow","Passerculus sandwichensis"
"Baird's Sparrow","Centronyx bairdii"
"Henslow's Sparrow","Centronyx henslowii"
"Song Sparrow","Melospiza melodia"
"Lincoln's Sparrow","Melospiza lincolnii"
"Swamp Sparrow","Melospiza georgiana"
"Green-tailed Towhee","Pipilo chlorurus"
"Spotted Towhee","Pipilo maculatus"
"Eastern Towhee","Pipilo erythrophthalmus"
"Yellow-breasted Chat","Icteria virens"
"Yellow-headed Blackbird","Xanthocephalus xanthocephalus"
"Bobolink","Dolichonyx oryzivorus"
"Western Meadowlark","Sturnella neglecta"
"Eastern Meadowlark","Sturnella magna"
"Orchard Oriole","Icterus spurius"
"Hooded Oriole","Icterus cucullatus"
"Bullock's Oriole","Icterus bullockii"
"Baltimore Oriole","Icterus galbula"
"Scott's Oriole","Icterus parisorum"
"Red-winged Blackbird","Agelaius phoeniceus"
"Tricolored Blackbird","Agelaius tricolor"
"Shiny Cowbird","Molothrus bonariensis"
"Bronzed Cowbird","Molothrus aeneus"
"Brown-headed Cowbird","Molothrus ater"
"Rusty Blackbird","Euphagus carolinus"
"Brewer's Blackbird","Euphagus cyanocephalus"
"Common Grackle","Quiscalus quiscula"
"Great-tailed Grackle","Quiscalus mexicanus"
"Ovenbird","Seiurus aurocapilla"
"Worm-eating Warbler","Helmitheros vermivorum"
"Louisiana Waterthrush","Parkesia motacilla"
"Northern Waterthrush","Parkesia noveboracensis"
"Golden-winged Warbler","Vermivora chrysoptera"
"Blue-winged Warbler","Vermivora cyanoptera"
"Black-and-white Warbler","Mniotilta varia"
"Prothonotary Warbler","Protonotaria citrea"
"Swainson's Warbler","Limnothlypis swainsonii"
"Tennessee Warbler","Leiothlypis peregrina"
"Orange-crowned Warbler","Leiothlypis celata"
"Lucy's Warbler","Leiothlypis luciae"
"Nashville Warbler","Leiothlypis ruficapilla"
"Virginia's Warbler","Leiothlypis virginiae"
"Connecticut Warbler","Oporornis agilis"
"MacGillivray's Warbler","Geothlypis tolmiei"
"Mourning Warbler","Geothlypis philadelphia"
"Kentucky Warbler","Geothlypis formosa"
"Common Yellowthroat","Geothlypis trichas"
"Hooded Warbler","Setophaga citrina"
"American Redstart","Setophaga ruticilla"
"Kirtland's Warbler","Setophaga kirtlandii"
"Cape May Warbler","Setophaga tigrina"
"Cerulean Warbler","Setophaga cerulea"
"Northern Parula","Setophaga americana"
"Magnolia Warbler","Setophaga magnolia"
"Bay-breasted Warbler","Setophaga castanea"
"Blackburnian Warbler","Setophaga fusca"
"Northern Yellow Warbler","Setophaga aestiva"
"Chestnut-sided Warbler","Setophaga pensylvanica"
"Blackpoll Warbler","Setophaga striata"
"Black-throated Blue Warbler","Setophaga caerulescens"
"Palm Warbler","Setophaga palmarum"
"Pine Warbler","Setophaga pinus"
"Yellow-rumped Warbler","Setophaga coronata"
"Yellow-throated Warbler","Setophaga dominica"
"Prairie Warbler","Setophaga discolor"
"Grace's Warbler","Setophaga graciae"
"Black-throated Gray Warbler","Setophaga nigrescens"
"Townsend's Warbler","Setophaga townsendi"
"Hermit Warbler","Setophaga occidentalis"
"Black-throated Green Warbler","Setophaga virens"
"Canada Warbler","Cardellina canadensis"
"Wilson's Warbler","Cardellina pusilla"
"Painted Redstart","Myioborus pictus"
"Hepatic Tanager","Piranga flava"
"Summer Tanager","Piranga rubra"
"Scarlet Tanager","Piranga olivacea"
"Western Tanager","Piranga ludoviciana"
"Northern Cardinal","Cardinalis cardinalis"
"Pyrrhuloxia","Cardinalis sinuatus"
"Rose-breasted Grosbeak","Pheucticus ludovicianus"
"Black-headed Grosbeak","Pheucticus melanocephalus"
"Blue Grosbeak","Passerina caerulea"
"Lazuli Bunting","Passerina amoena"
"Indigo Bunting","Passerina cyanea"
"Painted Bunting","Passerina ciris"
"Dickcissel","Spiza americana"
"Saffron Finch","Sicalis flaveola"
"Lesson's Seedeater","Sporophila bouvronides"
